{
  "animation_count": 0,
  "armature_count": 0,
  "edge_count": 5095,
  "file_size": 1114168,
  "lamp_count": 1,
  "linked_files": [],
  "material_count": 1,
  "mesh_count": 1,
  "missing_textures": {
    "count": 0,
    "file_path_to_color": {},
    "files": []
  },
  "object_count": 7,
  "poly_count": 2799,
  "random_color": null,
  "scene_size": {
    "bbox_max": [
      7.807006359100342,
      6.832468032836914,
      18.69753646850586
    ],
    "bbox_min": [
      -5.857921600341797,
      -6.832465648651123,
      -20.822059631347656
    ]
  },
  "shape_key_count": 0,
  "vert_count": 2498
}