{
  "animation_count": 0,
  "armature_count": 0,
  "edge_count": 213451,
  "file_size": 4398716,
  "lamp_count": 1,
  "linked_files": [],
  "material_count": 1,
  "mesh_count": 2,
  "missing_textures": {
    "count": 0,
    "file_path_to_color": {},
    "files": []
  },
  "object_count": 6,
  "poly_count": 140527,
  "random_color": null,
  "scene_size": {
    "bbox_max": [
      0.557129979133606,
      0.359200119972229,
      0.618580162525177
    ],
    "bbox_min": [
      -0.590179979801178,
      -0.7620001435279846,
      0.015069953165948391
    ]
  },
  "shape_key_count": 0,
  "vert_count": 72888
}