{
  "animation_count": 0,
  "armature_count": 0,
  "edge_count": 1584,
  "file_size": 1648036,
  "lamp_count": 1,
  "linked_files": [],
  "material_count": 1,
  "mesh_count": 6,
  "missing_textures": {
    "count": 0,
    "file_path_to_color": {},
    "files": []
  },
  "object_count": 18,
  "poly_count": 932,
  "random_color": null,
  "scene_size": {
    "bbox_max": [
      0.4297543168067932,
      0.4297546148300171,
      1.268701195716858
    ],
    "bbox_min": [
      -0.42975443601608276,
      -0.42975446581840515,
      -0.9199916124343872
    ]
  },
  "shape_key_count": 0,
  "vert_count": 657
}