{
  "animation_count": 0,
  "armature_count": 0,
  "edge_count": 11084,
  "file_size": 461434,
  "lamp_count": 1,
  "linked_files": [
    "/home/aphe/Renderer/rendering_ob/TEST_SHAPES/04453655/0b3325fad3e740b1ac86173c90b56afd/models/material_0.png"
  ],
  "material_count": 1,
  "mesh_count": 1,
  "missing_textures": {
    "count": 0,
    "file_path_to_color": {},
    "files": []
  },
  "object_count": 3,
  "poly_count": 7206,
  "random_color": null,
  "scene_size": {
    "bbox_max": [
      15.756752967834473,
      22.91376495361328,
      32.951908111572266
    ],
    "bbox_min": [
      -15.756752967834473,
      -19.40011978149414,
      -24.229013442993164
    ]
  },
  "shape_key_count": 0,
  "vert_count": 3885
}