{
  "animation_count": 0,
  "armature_count": 0,
  "edge_count": 121781,
  "file_size": 6801384,
  "lamp_count": 1,
  "linked_files": [
    "/home/aphe/Renderer/rendering_ob/TEST_SHAPES/01505702/e500235d62c9433691e0fa7c51c5a161/models/material_1.png",
    "/home/aphe/Renderer/rendering_ob/TEST_SHAPES/01505702/e500235d62c9433691e0fa7c51c5a161/models/material_0.png"
  ],
  "material_count": 2,
  "mesh_count": 3,
  "missing_textures": {
    "count": 0,
    "file_path_to_color": {},
    "files": []
  },
  "object_count": 5,
  "poly_count": 78068,
  "random_color": null,
  "scene_size": {
    "bbox_max": [
      0.028282569721341133,
      0.05440937355160713,
      0.04286317899823189
    ],
    "bbox_min": [
      -0.02829982154071331,
      -0.04561557620763779,
      -0.04194273427128792
    ]
  },
  "shape_key_count": 0,
  "vert_count": 43792
}