{
  "animation_count": 0,
  "armature_count": 0,
  "edge_count": 262430,
  "file_size": 7110068,
  "lamp_count": 1,
  "linked_files": [],
  "material_count": 2,
  "mesh_count": 3,
  "missing_textures": {
    "count": 0,
    "file_path_to_color": {},
    "files": []
  },
  "object_count": 7,
  "poly_count": 159861,
  "random_color": null,
  "scene_size": {
    "bbox_max": [
      0.9432420134544373,
      -0.7549432516098022,
      4.297952175140381
    ],
    "bbox_min": [
      -0.6684389710426331,
      -3.4907922744750977,
      1.0427204370498657
    ]
  },
  "shape_key_count": 0,
  "vert_count": 106829
}