{
  "animation_count": 0,
  "armature_count": 0,
  "edge_count": 51120,
  "file_size": 1080872,
  "lamp_count": 1,
  "linked_files": [],
  "material_count": 2,
  "mesh_count": 3,
  "missing_textures": {
    "count": 0,
    "file_path_to_color": {},
    "files": []
  },
  "object_count": 11,
  "poly_count": 34032,
  "random_color": null,
  "scene_size": {
    "bbox_max": [
      396.071044921875,
      96.07109832763672,
      707.9801025390625
    ],
    "bbox_min": [
      -95.51199340820312,
      -96.07107543945312,
      -4.894240856170654
    ]
  },
  "shape_key_count": 0,
  "vert_count": 17091
}