{
  "animation_count": 0,
  "armature_count": 0,
  "edge_count": 109056,
  "file_size": 5273640,
  "lamp_count": 1,
  "linked_files": [],
  "material_count": 1,
  "mesh_count": 3,
  "missing_textures": {
    "count": 0,
    "file_path_to_color": {},
    "files": []
  },
  "object_count": 11,
  "poly_count": 72320,
  "random_color": null,
  "scene_size": {
    "bbox_max": [
      84.6998519897461,
      78.12418365478516,
      210.39927673339844
    ],
    "bbox_min": [
      -71.7989501953125,
      -78.12432098388672,
      -227.6758270263672
    ]
  },
  "shape_key_count": 0,
  "vert_count": 36739
}