{
  "animation_count": 0,
  "armature_count": 0,
  "edge_count": 8559,
  "file_size": 253968,
  "lamp_count": 1,
  "linked_files": [],
  "material_count": 24,
  "mesh_count": 38,
  "missing_textures": {
    "count": 0,
    "file_path_to_color": {},
    "files": []
  },
  "object_count": 64,
  "poly_count": 4433,
  "random_color": null,
  "scene_size": {
    "bbox_max": [
      0.013770701363682747,
      0.012726573273539543,
      0.08875259757041931
    ],
    "bbox_min": [
      -0.029286103323101997,
      -0.012726575136184692,
      0.007851420901715755
    ]
  },
  "shape_key_count": 0,
  "vert_count": 4256
}