{
  "animation_count": 0,
  "armature_count": 0,
  "edge_count": 4088,
  "file_size": 268760,
  "lamp_count": 1,
  "linked_files": [],
  "material_count": 1,
  "mesh_count": 1,
  "missing_textures": {
    "count": 0,
    "file_path_to_color": {},
    "files": []
  },
  "object_count": 5,
  "poly_count": 2696,
  "random_color": null,
  "scene_size": {
    "bbox_max": [
      4.777840614318848,
      1.2529785633087158,
      1.1238709688186646
    ],
    "bbox_min": [
      -8.34737777709961,
      -8.495803833007812,
      -11.567161560058594
    ]
  },
  "shape_key_count": 0,
  "vert_count": 1378
}